candidate_id,semantic_score,skill_score,experience_score,behavior_score,final_score
CAND_0000821,0.53,0.375,1.0,0.8702,0.6298
CAND_0000120,0.5144,0.5,1.0,0.476,0.576
CAND_0000739,0.5386,0.375,0.8,0.7304,0.5753
CAND_0000671,0.4903,0.375,1.0,0.6582,0.5715
CAND_0000828,0.5032,0.5,0.8,0.6242,0.5711
CAND_0000083,0.488,0.375,1.0,0.6472,0.5684
CAND_0000664,0.4277,0.375,1.0,0.6942,0.5537
CAND_0000683,0.4782,0.375,1.0,0.5838,0.5518
CAND_0000201,0.5214,0.5,0.5,0.7136,0.5513
CAND_0000803,0.461,0.5,1.0,0.4264,0.5447
CAND_0000031,0.4672,0.125,1.0,0.8688,0.5419
CAND_0000932,0.4733,0.375,1.0,0.5186,0.5368
CAND_0000665,0.4126,0.25,1.0,0.792,0.5359
CAND_0000498,0.4799,0.375,0.8,0.6132,0.5284
CAND_0000361,0.4341,0.375,0.8,0.7008,0.5276
CAND_0000344,0.5281,0.375,0.5,0.7044,0.5209
CAND_0000422,0.5098,0.125,1.0,0.6606,0.5173
CAND_0000388,0.4852,0.375,1.0,0.3886,0.5155
CAND_0000273,0.4232,0.125,1.0,0.8218,0.5149
CAND_0000705,0.5129,0.25,0.8,0.6284,0.5133
CAND_0000839,0.4843,0.5,0.8,0.3642,0.5116
CAND_0000921,0.4642,0.375,1.0,0.4082,0.5111
CAND_0000906,0.517,0.375,0.8,0.4362,0.5078
CAND_0000576,0.5302,0.375,1.0,0.2584,0.5075
CAND_0000330,0.5385,0.375,0.8,0.3788,0.5049
CAND_0000165,0.4934,0.0,1.0,0.7796,0.5033
CAND_0000987,0.51,0.25,0.8,0.5712,0.5007
CAND_0000312,0.4887,0.375,0.8,0.4468,0.4986
CAND_0000390,0.3717,0.125,1.0,0.8428,0.4985
CAND_0000989,0.46,0.375,0.8,0.4796,0.4937
CAND_0000862,0.4663,0.25,0.8,0.619,0.4928
CAND_0000210,0.3983,0.125,1.0,0.759,0.4924
CAND_0000967,0.4546,0.25,1.0,0.4856,0.4914
CAND_0000389,0.4717,0.25,1.0,0.4474,0.4907
CAND_0000770,0.4849,0.25,1.0,0.417,0.4899
CAND_0000421,0.4805,0.375,0.8,0.4196,0.4899
CAND_0000331,0.3635,0.125,1.0,0.8072,0.4881
CAND_0000981,0.49,0.0,1.0,0.6938,0.4848
CAND_0000969,0.4294,0.125,1.0,0.6574,0.4845
CAND_0000666,0.46,0.125,1.0,0.5954,0.4843
CAND_0000699,0.496,0.375,0.8,0.3602,0.4842
CAND_0000322,0.5047,0.375,0.8,0.3306,0.4817
CAND_0000581,0.5159,0.5,0.5,0.3726,0.4809
CAND_0000211,0.4943,0.125,1.0,0.5086,0.4807
CAND_0000541,0.4963,0.25,0.8,0.4946,0.4799
CAND_0000136,0.4211,0.125,1.0,0.6322,0.4761
CAND_0000263,0.3686,0.125,1.0,0.7334,0.4754
CAND_0000001,0.3327,0.25,1.0,0.6478,0.4751
CAND_0000117,0.3655,0.125,1.0,0.725,0.4725
CAND_0000915,0.4945,0.125,0.8,0.617,0.4724
CAND_0000139,0.405,0.0,1.0,0.8016,0.4723
CAND_0000200,0.4959,0.125,0.8,0.6034,0.4703
CAND_0000203,0.4292,0.375,0.8,0.4212,0.4697
CAND_0000410,0.5044,0.25,0.8,0.4266,0.4696
CAND_0000973,0.38,0.125,1.0,0.6772,0.4687
CAND_0000578,0.4212,0.25,1.0,0.4384,0.4686
CAND_0000874,0.3568,0.25,1.0,0.5612,0.4675
CAND_0000917,0.2976,0.125,1.0,0.834,0.4671
CAND_0000112,0.5233,0.0,0.8,0.687,0.4667
CAND_0000693,0.3592,0.0,1.0,0.864,0.4665
CAND_0000151,0.4204,0.0,1.0,0.7326,0.4647
CAND_0000121,0.5053,0.25,0.8,0.3952,0.4637
CAND_0000852,0.3924,0.125,0.8,0.7748,0.4632
CAND_0000875,0.428,0.375,0.8,0.3832,0.4616
CAND_0000021,0.4777,0.375,0.5,0.509,0.4616
CAND_0000220,0.5224,0.25,0.8,0.3492,0.4613
CAND_0000883,0.4882,0.375,0.5,0.4854,0.4611
CAND_0000440,0.3584,0.25,1.0,0.5192,0.4597
CAND_0000062,0.3566,0.125,0.8,0.8276,0.4594
CAND_0000847,0.4836,0.25,0.5,0.6396,0.4589
CAND_0000552,0.4505,0.375,0.8,0.3214,0.4582
CAND_0000093,0.4508,0.0,1.0,0.635,0.4573
CAND_0000738,0.4565,0.25,0.8,0.4598,0.4571
CAND_0000600,0.3599,0.125,0.8,0.8048,0.4562
CAND_0000055,0.3862,0.0,1.0,0.7564,0.4558
CAND_0000718,0.3901,0.0,1.0,0.747,0.4554
CAND_0000790,0.3414,0.25,1.0,0.5284,0.4547
CAND_0000185,0.3584,0.0,1.0,0.8032,0.454
CAND_0000082,0.3809,0.125,1.0,0.5964,0.4529
CAND_0000845,0.4919,0.375,0.5,0.4286,0.4512
CAND_0000859,0.3445,0.0,1.0,0.814,0.4506
CAND_0000927,0.5169,0.125,0.8,0.4614,0.4503
CAND_0000024,0.3634,0.0,1.0,0.7674,0.4488
CAND_0000505,0.4825,0.375,0.8,0.21,0.4487
CAND_0000302,0.3329,0.125,1.0,0.6572,0.4458
CAND_0000396,0.4438,0.0,1.0,0.5874,0.445
CAND_0000785,0.3934,0.0,1.0,0.6844,0.4442
CAND_0000928,0.3319,0.125,1.0,0.6494,0.4439
CAND_0000399,0.5253,0.375,0.5,0.322,0.4433
CAND_0000681,0.3115,0.0,1.0,0.8354,0.4417
CAND_0000486,0.4118,0.0,1.0,0.6278,0.4403
CAND_0000108,0.3558,0.0,0.8,0.882,0.4387
CAND_0000044,0.3158,0.125,1.0,0.6552,0.4386
CAND_0000133,0.4983,0.125,0.8,0.4402,0.4386
CAND_0000934,0.4019,0.0,1.0,0.6378,0.4383
CAND_0000789,0.4034,0.0,1.0,0.635,0.4383
CAND_0000097,0.5278,0.125,1.0,0.2286,0.4381
CAND_0000227,0.3318,0.125,1.0,0.6194,0.4378
CAND_0000343,0.3377,0.0,1.0,0.7634,0.4377
CAND_0000599,0.3309,0.0,1.0,0.777,0.4377
CAND_0000878,0.3394,0.0,1.0,0.7578,0.4373
CAND_0000903,0.3665,0.0,1.0,0.7032,0.4372
CAND_0000287,0.3447,0.0,1.0,0.7464,0.4371
CAND_0000894,0.3784,0.0,1.0,0.6784,0.437
CAND_0000072,0.3719,0.0,1.0,0.6892,0.4366
CAND_0000259,0.3307,0.0,1.0,0.7692,0.4361
CAND_0000517,0.3871,0.125,1.0,0.4992,0.4359
CAND_0000046,0.3877,0.0,1.0,0.6516,0.4354
CAND_0000032,0.3443,0.25,1.0,0.4248,0.4352
CAND_0000187,0.3147,0.125,1.0,0.64,0.4351
CAND_0000310,0.4005,0.0,1.0,0.6226,0.4347
CAND_0000722,0.4956,0.25,0.5,0.4926,0.4343
CAND_0000307,0.354,0.0,1.0,0.7118,0.434
CAND_0000724,0.3028,0.0,1.0,0.813,0.4337
CAND_0000830,0.3816,0.0,1.0,0.6544,0.4335
CAND_0000993,0.3821,0.0,1.0,0.6506,0.433
CAND_0000063,0.303,0.0,1.0,0.8076,0.4327
CAND_0000605,0.4294,0.0,1.0,0.5484,0.4314
CAND_0000611,0.3126,0.0,1.0,0.7802,0.4311
CAND_0000023,0.3795,0.0,0.8,0.7954,0.4309
CAND_0000338,0.3542,0.0,1.0,0.696,0.4309
CAND_0000998,0.4096,0.0,1.0,0.5794,0.4297
CAND_0000604,0.3014,0.0,1.0,0.7958,0.4297
CAND_0000354,0.2847,0.0,1.0,0.828,0.4295
CAND_0000974,0.4118,0.0,0.8,0.7216,0.4291
CAND_0000193,0.3396,0.0,1.0,0.716,0.429
CAND_0000043,0.3967,0.25,1.0,0.286,0.4284
CAND_0000675,0.3885,0.0,1.0,0.6148,0.4283
CAND_0000131,0.3897,0.125,0.8,0.6058,0.4283
CAND_0000844,0.3451,0.0,1.0,0.7006,0.4282
CAND_0000026,0.4172,0.0,1.0,0.5566,0.4282
CAND_0000038,0.3635,0.0,1.0,0.6616,0.4277
CAND_0000311,0.4024,0.0,1.0,0.5838,0.4277
CAND_0000451,0.358,0.0,1.0,0.6718,0.4275
CAND_0000016,0.3437,0.0,1.0,0.6988,0.4272
CAND_0000621,0.3574,0.0,1.0,0.6708,0.4271
CAND_0000104,0.3185,0.0,1.0,0.7484,0.4271
CAND_0000930,0.3291,0.0,1.0,0.727,0.427
CAND_0000025,0.3191,0.125,1.0,0.5894,0.4268
CAND_0000996,0.3366,0.0,0.8,0.8594,0.4265
CAND_0000561,0.4088,0.0,0.8,0.7146,0.4264
CAND_0000243,0.3826,0.0,1.0,0.6166,0.4264
CAND_0000520,0.4211,0.0,1.0,0.5394,0.4263
CAND_0000285,0.3755,0.0,0.8,0.779,0.426
CAND_0000805,0.3912,0.0,1.0,0.5954,0.4256
CAND_0000962,0.384,0.0,1.0,0.6078,0.4252
CAND_0000759,0.2949,0.0,1.0,0.7858,0.4251
CAND_0000529,0.3531,0.125,0.8,0.6626,0.425
CAND_0000970,0.333,0.0,0.8,0.8582,0.4249
CAND_0000674,0.4161,0.0,0.8,0.6902,0.4245
CAND_0000580,0.3968,0.0,1.0,0.5756,0.4239
CAND_0000262,0.3782,0.0,0.8,0.7602,0.4233
CAND_0000238,0.3736,0.125,1.0,0.4586,0.4224
CAND_0000197,0.4152,0.0,1.0,0.531,0.4223
CAND_0000232,0.4087,0.0,0.8,0.6934,0.4221
CAND_0000007,0.4251,0.0,1.0,0.5072,0.4215
CAND_0000854,0.3382,0.0,1.0,0.6804,0.4214
CAND_0000489,0.3502,0.125,0.8,0.648,0.4209
CAND_0000719,0.384,0.0,1.0,0.585,0.4206
CAND_0000020,0.3861,0.0,1.0,0.578,0.4201
CAND_0000975,0.3359,0.0,1.0,0.675,0.4194
CAND_0000881,0.4513,0.0,0.8,0.592,0.4189
CAND_0000737,0.3143,0.0,0.8,0.865,0.4187
CAND_0000707,0.3564,0.0,1.0,0.6308,0.4187
CAND_0000336,0.3319,0.0,0.8,0.8296,0.4187
CAND_0000454,0.3076,0.125,1.0,0.5718,0.4186
CAND_0000587,0.3996,0.0,1.0,0.5432,0.4185
CAND_0000130,0.3112,0.125,1.0,0.5636,0.4185
CAND_0000942,0.4322,0.0,1.0,0.4784,0.4185
CAND_0000837,0.3974,0.0,1.0,0.5432,0.4176
CAND_0000706,0.3769,0.0,0.8,0.7344,0.4176
CAND_0000204,0.3897,0.0,0.8,0.7072,0.4173
CAND_0000680,0.3708,0.0,0.8,0.7436,0.417
CAND_0000691,0.3156,0.125,0.8,0.6968,0.4169
CAND_0000499,0.3628,0.0,0.8,0.7566,0.4164
CAND_0000493,0.354,0.0,1.0,0.6242,0.4164
CAND_0000074,0.4641,0.25,0.5,0.4644,0.416
CAND_0000965,0.3691,0.0,1.0,0.591,0.4159
CAND_0000584,0.3656,0.0,1.0,0.5966,0.4156
CAND_0000545,0.2925,0.0,1.0,0.7406,0.4151
CAND_0000468,0.4019,0.0,1.0,0.5216,0.4151
CAND_0000734,0.3252,0.0,1.0,0.6654,0.4132
CAND_0000871,0.4199,0.0,1.0,0.4762,0.4132
CAND_0000438,0.415,0.0,0.8,0.6334,0.4127
CAND_0000606,0.4158,0.0,1.0,0.4808,0.4125
CAND_0000042,0.4239,0.0,1.0,0.4632,0.4122
CAND_0000146,0.385,0.0,1.0,0.538,0.4116
CAND_0000797,0.4026,0.0,0.8,0.6512,0.4113
CAND_0000137,0.3609,0.0,0.8,0.7342,0.4112
CAND_0000740,0.3584,0.0,0.8,0.7382,0.411
CAND_0000633,0.3839,0.0,1.0,0.5366,0.4109
CAND_0000436,0.3744,0.0,1.0,0.554,0.4106
CAND_0000506,0.3976,0.0,1.0,0.5078,0.4106
CAND_0000475,0.4057,0.0,1.0,0.4902,0.4103
CAND_0000320,0.3231,0.0,1.0,0.6548,0.4102
CAND_0000488,0.3824,0.0,0.8,0.6848,0.4099
CAND_0000716,0.434,0.0,1.0,0.4308,0.4097
CAND_0000395,0.3324,0.125,0.8,0.6266,0.4095
CAND_0000212,0.5269,0.375,0.5,0.1494,0.4094
CAND_0000029,0.3485,0.0,1.0,0.599,0.4092
CAND_0000704,0.3184,0.0,0.8,0.8088,0.4091
CAND_0000879,0.3043,0.0,1.0,0.685,0.4087
CAND_0000159,0.3517,0.0,0.8,0.7358,0.4079
CAND_0000588,0.2875,0.0,1.0,0.7138,0.4078
CAND_0000543,0.4434,0.0,1.0,0.3986,0.4071
CAND_0000791,0.3583,0.0,0.8,0.7176,0.4068
CAND_0000715,0.3811,0.125,0.8,0.5148,0.4067
CAND_0000602,0.3541,0.0,1.0,0.5748,0.4066
CAND_0000614,0.3633,0.0,1.0,0.5542,0.4061
CAND_0000075,0.3401,0.0,1.0,0.5974,0.4055
CAND_0000110,0.3254,0.0,0.8,0.7758,0.4053
CAND_0000474,0.2704,0.0,1.0,0.7348,0.4051
CAND_0000222,0.4049,0.0,0.8,0.6154,0.405
CAND_0000980,0.2768,0.125,1.0,0.564,0.4048
CAND_0000394,0.3468,0.0,1.0,0.5796,0.4046
CAND_0000051,0.3454,0.0,1.0,0.5816,0.4045
CAND_0000935,0.3927,0.0,1.0,0.4808,0.4032
CAND_0000892,0.378,0.0,1.0,0.5094,0.4031
CAND_0000053,0.3942,0.0,0.8,0.6266,0.403
CAND_0000116,0.3087,0.0,1.0,0.6472,0.4029
CAND_0000304,0.3969,0.0,0.8,0.6204,0.4028
CAND_0000142,0.3539,0.0,1.0,0.5552,0.4026
CAND_0000182,0.3839,0.0,1.0,0.492,0.402
CAND_0000978,0.3745,0.0,0.8,0.6596,0.4017
CAND_0000345,0.3377,0.0,0.8,0.7322,0.4015
CAND_0000778,0.3968,0.0,0.8,0.6122,0.4012
CAND_0000408,0.3712,0.0,0.8,0.6634,0.4011
CAND_0000582,0.3855,0.0,1.0,0.4846,0.4011
CAND_0000799,0.3011,0.0,1.0,0.653,0.401
CAND_0000010,0.3295,0.125,0.8,0.5892,0.4009
CAND_0000127,0.3069,0.125,1.0,0.4844,0.4009
CAND_0000911,0.3441,0.0,1.0,0.5658,0.4008
CAND_0000353,0.3679,0.0,0.8,0.6664,0.4004
CAND_0000096,0.3745,0.0,0.8,0.6524,0.4003
CAND_0000534,0.3909,0.0,0.8,0.6194,0.4002
CAND_0000938,0.2854,0.0,1.0,0.6792,0.4
CAND_0000297,0.3755,0.0,1.0,0.4982,0.3998
CAND_0000884,0.3248,0.0,1.0,0.5992,0.3998
CAND_0000826,0.4074,0.0,0.8,0.5826,0.3995
CAND_0000557,0.3378,0.0,0.8,0.7216,0.3994
CAND_0000231,0.3007,0.0,1.0,0.6458,0.3994
CAND_0000746,0.41,0.0,0.8,0.5764,0.3993
CAND_0000613,0.2972,0.0,1.0,0.6514,0.3991
CAND_0000494,0.3346,0.0,0.8,0.726,0.399
CAND_0000640,0.3169,0.0,0.8,0.7612,0.399
CAND_0000630,0.3692,0.0,1.0,0.5052,0.3987
CAND_0000284,0.4571,0.0,0.5,0.7036,0.3986
CAND_0000926,0.3203,0.0,0.8,0.7516,0.3985
CAND_0000802,0.3806,0.0,1.0,0.4802,0.3983
CAND_0000415,0.2978,0.0,0.8,0.795,0.3981
CAND_0000280,0.3527,0.0,1.0,0.5352,0.3981
CAND_0000255,0.3614,0.0,1.0,0.5178,0.3981
CAND_0000654,0.435,0.0,0.8,0.5206,0.3981
CAND_0000795,0.4382,0.0,0.8,0.512,0.3977
CAND_0000726,0.3852,0.0,0.8,0.6178,0.3976
CAND_0000593,0.3826,0.0,1.0,0.4712,0.3973
CAND_0000634,0.3131,0.0,0.8,0.7598,0.3972
CAND_0000503,0.366,0.0,0.8,0.653,0.397
CAND_0000815,0.5155,0.125,0.5,0.4222,0.3969
CAND_0000160,0.3601,0.0,1.0,0.5136,0.3968
CAND_0000445,0.2743,0.0,0.8,0.835,0.3967
CAND_0000982,0.3452,0.0,1.0,0.5424,0.3966
CAND_0000939,0.4293,0.0,0.5,0.7484,0.3964
CAND_0000586,0.3414,0.0,1.0,0.5494,0.3964
CAND_0000963,0.3762,0.0,0.8,0.6288,0.3963
CAND_0000033,0.3765,0.0,1.0,0.478,0.3962
CAND_0000833,0.386,0.0,0.8,0.6092,0.3962
CAND_0000631,0.3371,0.0,1.0,0.5562,0.3961
CAND_0000332,0.3969,0.0,1.0,0.4356,0.3959
CAND_0000126,0.461,0.0,0.5,0.68,0.3954
CAND_0000313,0.3073,0.125,1.0,0.455,0.3952
CAND_0000777,0.3993,0.0,1.0,0.427,0.3951
CAND_0000971,0.3326,0.0,0.8,0.7076,0.3946
CAND_0000929,0.4,0.0,0.8,0.5728,0.3946
CAND_0000526,0.3566,0.0,1.0,0.5082,0.3943
CAND_0000164,0.4332,0.0,0.8,0.5052,0.3943
CAND_0000616,0.3926,0.0,1.0,0.4346,0.394
CAND_0000589,0.3212,0.0,0.8,0.7272,0.3939
CAND_0000994,0.3657,0.0,0.8,0.6372,0.3937
CAND_0000443,0.3746,0.0,0.8,0.6178,0.3934
CAND_0000947,0.2736,0.0,0.8,0.8194,0.3933
CAND_0000155,0.4005,0.0,0.8,0.5654,0.3933
CAND_0000876,0.3728,0.0,1.0,0.4686,0.3929
CAND_0000679,0.3598,0.125,0.8,0.4886,0.3929
CAND_0000568,0.388,0.0,0.8,0.5886,0.3929
CAND_0000645,0.3141,0.0,0.8,0.7358,0.3928
CAND_0000836,0.4221,0.0,1.0,0.369,0.3926
CAND_0000384,0.4001,0.0,1.0,0.412,0.3924
CAND_0000818,0.3287,0.0,0.8,0.7042,0.3923
CAND_0000295,0.3438,0.0,1.0,0.523,0.3921
CAND_0000637,0.3672,0.0,0.8,0.6254,0.392
CAND_0000294,0.4079,0.0,1.0,0.394,0.3919
CAND_0000635,0.3131,0.0,1.0,0.5832,0.3919
CAND_0000252,0.3393,0.0,0.8,0.681,0.3919
CAND_0000215,0.3947,0.0,1.0,0.4202,0.3919
CAND_0000774,0.3256,0.0,0.8,0.707,0.3916
CAND_0000018,0.3927,0.0,1.0,0.4216,0.3914
CAND_0000626,0.3599,0.0,1.0,0.4862,0.3912
CAND_0000292,0.3138,0.375,0.5,0.4842,0.3911
CAND_0000779,0.319,0.0,1.0,0.5672,0.391
CAND_0000333,0.3057,0.0,1.0,0.5916,0.3906
CAND_0000466,0.3352,0.0,1.0,0.5324,0.3906
CAND_0000014,0.4145,0.0,1.0,0.3738,0.3905
CAND_0000771,0.3816,0.0,1.0,0.4388,0.3904
CAND_0000348,0.2531,0.0,1.0,0.6954,0.3903
CAND_0000173,0.3896,0.0,1.0,0.421,0.39
CAND_0000627,0.3974,0.0,1.0,0.4048,0.3899
CAND_0000553,0.3661,0.125,0.8,0.461,0.3899
CAND_0000154,0.4431,0.0,0.8,0.462,0.3896
CAND_0000128,0.3618,0.0,1.0,0.4738,0.3895
CAND_0000855,0.3133,0.0,1.0,0.5702,0.3894
CAND_0000249,0.3948,0.0,0.8,0.5568,0.3893
CAND_0000502,0.3767,0.0,0.5,0.8182,0.3893
CAND_0000521,0.2789,0.0,1.0,0.6386,0.3893
CAND_0000745,0.3164,0.0,1.0,0.5626,0.3891
CAND_0000447,0.392,0.0,1.0,0.4114,0.3891
CAND_0000357,0.3518,0.0,1.0,0.4908,0.3889
CAND_0000382,0.3815,0.0,1.0,0.431,0.3888
CAND_0000192,0.3669,0.0,1.0,0.4592,0.3886
CAND_0000781,0.4161,0.0,1.0,0.361,0.3886
CAND_0000690,0.4011,0.0,0.8,0.5402,0.3885
CAND_0000579,0.2519,0.0,1.0,0.689,0.3885
CAND_0000801,0.3826,0.0,0.8,0.5766,0.3884
CAND_0000217,0.4563,0.0,0.8,0.429,0.3883
CAND_0000937,0.3205,0.0,0.8,0.7008,0.3883
CAND_0000920,0.3702,0.0,0.8,0.6004,0.3882
CAND_0000810,0.3819,0.0,0.8,0.5764,0.388
CAND_0000347,0.3301,0.0,1.0,0.529,0.3879
CAND_0000735,0.374,0.0,1.0,0.4412,0.3878
CAND_0000565,0.3887,0.0,0.5,0.7864,0.3878
CAND_0000853,0.4511,0.0,0.8,0.4366,0.3878
CAND_0000365,0.342,0.0,1.0,0.5046,0.3877
CAND_0000511,0.3218,0.0,1.0,0.5446,0.3876
CAND_0000944,0.3305,0.125,0.8,0.5198,0.3874
CAND_0000418,0.3384,0.0,1.0,0.5098,0.3873
CAND_0000367,0.3938,0.0,1.0,0.3976,0.387
CAND_0000571,0.3734,0.0,1.0,0.4372,0.3868
CAND_0000426,0.3345,0.0,1.0,0.515,0.3868
CAND_0000274,0.3852,0.0,0.8,0.5622,0.3865
CAND_0000184,0.3231,0.0,0.8,0.685,0.3862
CAND_0000743,0.2852,0.0,1.0,0.61,0.3861
CAND_0000535,0.3762,0.0,1.0,0.427,0.3859
CAND_0000623,0.2993,0.0,1.0,0.5802,0.3858
CAND_0000895,0.3065,0.0,1.0,0.5654,0.3857
CAND_0000897,0.4107,0.0,1.0,0.3558,0.3854
CAND_0000594,0.3773,0.0,1.0,0.4226,0.3854
CAND_0000461,0.3053,0.0,1.0,0.5658,0.3853
CAND_0000703,0.341,0.0,1.0,0.4946,0.3853
CAND_0000784,0.3742,0.125,0.8,0.4214,0.3852
CAND_0000550,0.3746,0.0,0.8,0.5768,0.3852
CAND_0000191,0.2966,0.0,1.0,0.5824,0.3851
CAND_0000178,0.3386,0.0,1.0,0.498,0.385
CAND_0000473,0.4046,0.0,1.0,0.3652,0.3849
CAND_0000767,0.3262,0.125,0.8,0.5152,0.3848
CAND_0000997,0.3175,0.0,1.0,0.5374,0.3845
CAND_0000757,0.3437,0.0,1.0,0.4846,0.3844
CAND_0000441,0.394,0.0,1.0,0.381,0.3838
CAND_0000244,0.4225,0.0,0.5,0.697,0.3834
CAND_0000905,0.3552,0.0,0.8,0.6062,0.3833
CAND_0000877,0.3236,0.0,1.0,0.5186,0.3831
CAND_0000909,0.3561,0.0,1.0,0.4516,0.3828
CAND_0000132,0.2912,0.0,1.0,0.5812,0.3827
CAND_0000984,0.3349,0.0,0.8,0.6434,0.3826
CAND_0000101,0.3474,0.0,1.0,0.4664,0.3823
CAND_0000015,0.3271,0.0,1.0,0.5068,0.3822
CAND_0000865,0.369,0.0,0.8,0.573,0.3822
CAND_0000358,0.4403,0.0,0.5,0.654,0.3819
CAND_0000933,0.3556,0.0,1.0,0.4466,0.3816
CAND_0000732,0.3777,0.0,0.8,0.5512,0.3813
CAND_0000508,0.3678,0.0,0.8,0.571,0.3813
CAND_0000459,0.4314,0.0,1.0,0.2932,0.3812
CAND_0000404,0.3468,0.0,1.0,0.4618,0.3811
CAND_0000596,0.3313,0.0,0.8,0.6414,0.3808
CAND_0000267,0.4193,0.0,0.8,0.465,0.3807
CAND_0000167,0.3363,0.0,0.8,0.631,0.3807
CAND_0000095,0.3717,0.0,1.0,0.4094,0.3806
CAND_0000325,0.3317,0.0,1.0,0.489,0.3805
CAND_0000709,0.3183,0.0,1.0,0.5154,0.3804
CAND_0000129,0.356,0.0,1.0,0.4396,0.3803
CAND_0000780,0.3331,0.0,1.0,0.4852,0.3803
CAND_0000134,0.3331,0.0,1.0,0.485,0.3802
CAND_0000281,0.3996,0.0,0.5,0.727,0.3802
CAND_0000335,0.4212,0.0,0.8,0.4582,0.3801
CAND_0000644,0.3565,0.0,0.8,0.5872,0.3801
CAND_0000258,0.3267,0.0,0.8,0.6456,0.3798
CAND_0000772,0.4367,0.0,0.5,0.6502,0.3797
CAND_0000663,0.3168,0.0,1.0,0.5132,0.3793
CAND_0000455,0.3547,0.0,0.5,0.8116,0.3792
CAND_0000919,0.3074,0.0,0.8,0.6804,0.379
CAND_0000910,0.3584,0.0,0.8,0.5772,0.3788
CAND_0000296,0.3107,0.0,1.0,0.5226,0.3788
CAND_0000585,0.3985,0.0,0.8,0.4958,0.3786
CAND_0000647,0.4524,0.0,1.0,0.2376,0.3785
CAND_0000235,0.3461,0.0,0.8,0.5992,0.3783
CAND_0000549,0.3541,0.0,1.0,0.4332,0.3783
CAND_0000762,0.3148,0.0,1.0,0.512,0.3783
CAND_0000760,0.4285,0.0,0.8,0.4338,0.3782
CAND_0000991,0.3817,0.0,1.0,0.3768,0.378
CAND_0000742,0.3613,0.0,1.0,0.4174,0.378
CAND_0000500,0.3923,0.0,1.0,0.3544,0.3778
CAND_0000180,0.4093,0.0,1.0,0.3202,0.3778
CAND_0000618,0.3797,0.0,1.0,0.378,0.3775
CAND_0000866,0.2654,0.125,1.0,0.4502,0.3774
CAND_0000465,0.3581,0.0,0.8,0.57,0.3772
CAND_0000870,0.3164,0.0,1.0,0.5034,0.3772
CAND_0000360,0.3264,0.0,1.0,0.4812,0.3768
CAND_0000433,0.3956,0.0,0.8,0.4928,0.3768
CAND_0000349,0.3679,0.0,0.8,0.5474,0.3766
CAND_0000813,0.3416,0.0,0.5,0.8232,0.3763
CAND_0000851,0.3799,0.0,1.0,0.3714,0.3763
CAND_0000251,0.3682,0.0,0.8,0.5448,0.3762
CAND_0000952,0.338,0.0,1.0,0.4552,0.3762
CAND_0000147,0.3611,0.0,1.0,0.4074,0.3759
CAND_0000060,0.3554,0.0,1.0,0.4176,0.3757
CAND_0000697,0.3802,0.0,0.8,0.5182,0.3757
CAND_0000013,0.4459,0.0,0.5,0.6104,0.3754
CAND_0000319,0.3687,0.0,1.0,0.3896,0.3754
CAND_0000124,0.382,0.0,1.0,0.3632,0.3754
CAND_0000481,0.4076,0.0,0.8,0.461,0.3753
CAND_0000239,0.4563,0.0,0.8,0.3622,0.375
CAND_0000242,0.4289,0.0,0.8,0.4168,0.3749
CAND_0000656,0.4402,0.0,0.8,0.3926,0.3746
CAND_0000370,0.3588,0.0,1.0,0.4048,0.3745
CAND_0000820,0.2818,0.375,0.5,0.465,0.3745
CAND_0000540,0.3272,0.0,1.0,0.468,0.3745
CAND_0000351,0.4127,0.0,1.0,0.2954,0.3742
CAND_0000425,0.4163,0.0,0.8,0.4366,0.3738
CAND_0000352,0.3976,0.0,0.8,0.4736,0.3738
CAND_0000158,0.342,0.0,0.8,0.5838,0.3736
CAND_0000283,0.3517,0.0,0.8,0.5642,0.3735
CAND_0000080,0.2992,0.0,1.0,0.5186,0.3734
CAND_0000979,0.3266,0.0,0.8,0.6132,0.3733
CAND_0000275,0.3797,0.0,1.0,0.3566,0.3732
CAND_0000612,0.2846,0.0,1.0,0.5468,0.3732
CAND_0000260,0.3228,0.0,0.8,0.6204,0.3732
CAND_0000140,0.3571,0.0,1.0,0.402,0.3732
CAND_0000559,0.3477,0.0,0.8,0.5694,0.373
CAND_0000673,0.3818,0.0,1.0,0.3512,0.3729
CAND_0000226,0.3707,0.0,0.8,0.5232,0.3729
CAND_0000622,0.346,0.0,0.8,0.5716,0.3727
CAND_0000381,0.395,0.0,0.8,0.4736,0.3727
CAND_0000509,0.3605,0.0,0.8,0.5424,0.3727
CAND_0000103,0.4049,0.0,0.8,0.4536,0.3727
CAND_0000560,0.337,0.0,1.0,0.4396,0.3727
CAND_0000539,0.3992,0.0,0.5,0.6894,0.3726
CAND_0000501,0.313,0.0,1.0,0.4872,0.3726
CAND_0000857,0.32,0.0,1.0,0.4726,0.3725
CAND_0000872,0.3644,0.0,1.0,0.383,0.3724
CAND_0000241,0.3779,0.0,1.0,0.356,0.3724
CAND_0000218,0.3882,0.0,1.0,0.3354,0.3724
CAND_0000305,0.3031,0.0,0.8,0.6554,0.3723
CAND_0000064,0.3667,0.0,0.8,0.5272,0.3721
CAND_0000027,0.3201,0.0,0.8,0.62,0.372
CAND_0000087,0.362,0.0,0.5,0.7588,0.3716
CAND_0000482,0.3573,0.0,0.8,0.5432,0.3716
CAND_0001000,0.3839,0.0,0.5,0.7144,0.3715
CAND_0000339,0.4149,0.0,0.5,0.6512,0.3712
CAND_0000308,0.511,0.0,0.5,0.4566,0.3707
CAND_0000564,0.3752,0.0,1.0,0.3524,0.3705
CAND_0000450,0.4229,0.0,0.8,0.406,0.3703
CAND_0000061,0.338,0.0,1.0,0.422,0.3696
CAND_0000430,0.3932,0.0,0.8,0.461,0.3695
CAND_0000856,0.3954,0.0,0.8,0.4568,0.3695
CAND_0000118,0.3765,0.0,1.0,0.344,0.3694
CAND_0000340,0.4142,0.0,0.8,0.4182,0.3693
CAND_0000652,0.3425,0.125,0.5,0.6296,0.3692
CAND_0000476,0.4181,0.0,0.5,0.6348,0.3692
CAND_0000458,0.2953,0.0,1.0,0.5054,0.3692
CAND_0000247,0.3607,0.0,0.8,0.5248,0.3692
CAND_0000807,0.3279,0.0,1.0,0.4384,0.3688
CAND_0000676,0.3258,0.0,1.0,0.4406,0.3685
CAND_0000423,0.3245,0.0,0.8,0.5918,0.3682
CAND_0000254,0.3164,0.0,1.0,0.457,0.368
CAND_0000225,0.2627,0.0,1.0,0.5644,0.3679
CAND_0000328,0.3091,0.0,0.8,0.6212,0.3679
CAND_0000702,0.3799,0.0,1.0,0.3294,0.3678
CAND_0000547,0.3599,0.0,0.8,0.5194,0.3678
CAND_0000961,0.3199,0.0,1.0,0.4488,0.3677
CAND_0000236,0.4242,0.0,0.8,0.39,0.3677
CAND_0000253,0.3567,0.0,1.0,0.373,0.3673
CAND_0000143,0.3346,0.0,1.0,0.4172,0.3673
CAND_0000209,0.3,0.0,0.8,0.636,0.3672
CAND_0000135,0.373,0.0,1.0,0.34,0.3672
CAND_0000684,0.3033,0.0,1.0,0.478,0.3669
CAND_0000298,0.4121,0.0,1.0,0.2602,0.3669
CAND_0000765,0.4819,0.0,0.5,0.4954,0.3668
CAND_0000753,0.3743,0.0,1.0,0.3332,0.3664
CAND_0000957,0.3959,0.0,0.8,0.44,0.3663
CAND_0000907,0.3939,0.0,1.0,0.2936,0.3663
CAND_0000841,0.3053,0.0,1.0,0.4706,0.3662
CAND_0000642,0.3619,0.0,0.8,0.5074,0.3662
CAND_0000814,0.337,0.0,0.8,0.5548,0.3658
CAND_0000531,0.3773,0.0,1.0,0.3238,0.3657
CAND_0000377,0.3483,0.0,1.0,0.3806,0.3654
CAND_0000959,0.3808,0.0,0.8,0.4656,0.3654
CAND_0000695,0.3902,0.0,0.8,0.4458,0.3652
CAND_0000334,0.3758,0.0,0.5,0.6978,0.3649
CAND_0000477,0.4303,0.0,0.8,0.3634,0.3648
CAND_0000006,0.3581,0.0,1.0,0.3574,0.3647
CAND_0000985,0.3173,0.0,1.0,0.4388,0.3647
CAND_0000525,0.3486,0.0,0.8,0.5258,0.3646
CAND_0000265,0.4213,0.0,0.8,0.378,0.3641
CAND_0000485,0.4462,0.0,0.8,0.3278,0.364
CAND_0000528,0.3174,0.0,0.8,0.5842,0.3638
CAND_0000246,0.3482,0.0,0.8,0.5214,0.3636
CAND_0000077,0.3369,0.0,1.0,0.3924,0.3633
CAND_0000189,0.4016,0.0,0.8,0.4134,0.3633
CAND_0000694,0.4187,0.0,0.8,0.3782,0.3631
CAND_0000207,0.3325,0.0,1.0,0.4006,0.3631
CAND_0000761,0.3458,0.0,0.8,0.5236,0.3631
CAND_0000341,0.3525,0.0,0.5,0.7348,0.363
CAND_0000951,0.297,0.0,1.0,0.4704,0.3629
CAND_0000156,0.3717,0.0,1.0,0.3206,0.3628
CAND_0000480,0.3468,0.0,1.0,0.3694,0.3626
CAND_0000949,0.3697,0.0,0.8,0.4736,0.3626
CAND_0000049,0.3769,0.0,0.8,0.458,0.3624
CAND_0000190,0.3687,0.0,0.8,0.4728,0.3621
CAND_0000107,0.4329,0.0,0.8,0.345,0.3621
CAND_0000607,0.3797,0.0,0.8,0.4506,0.362
CAND_0000620,0.3159,0.0,0.8,0.577,0.3618
CAND_0000632,0.2603,0.0,0.8,0.6876,0.3616
CAND_0000701,0.3964,0.0,0.8,0.4142,0.3614
CAND_0000054,0.3512,0.0,0.8,0.504,0.3613
CAND_0000414,0.3311,0.0,0.5,0.7692,0.3613
CAND_0000548,0.3579,0.0,1.0,0.3372,0.3606
CAND_0000364,0.2895,0.0,1.0,0.4724,0.3603
CAND_0000842,0.3967,0.0,0.8,0.4082,0.3603
CAND_0000088,0.3636,0.0,1.0,0.3222,0.3599
CAND_0000119,0.3627,0.0,0.8,0.4744,0.3599
CAND_0000228,0.3809,0.0,0.8,0.4372,0.3598
CAND_0000893,0.2626,0.0,1.0,0.5238,0.3598
CAND_0000057,0.3865,0.0,0.8,0.4248,0.3596
CAND_0000419,0.3431,0.0,1.0,0.3612,0.3595
CAND_0000968,0.336,0.0,0.5,0.7502,0.3594
CAND_0000711,0.3486,0.0,0.5,0.725,0.3594
CAND_0000530,0.323,0.0,1.0,0.3986,0.3589
CAND_0000786,0.3742,0.0,0.8,0.4456,0.3588
CAND_0000359,0.3525,0.0,1.0,0.338,0.3586
CAND_0000725,0.3863,0.0,0.8,0.4198,0.3585
CAND_0000775,0.2944,0.125,0.8,0.4472,0.3584
CAND_0000848,0.3634,0.0,0.8,0.4636,0.3581
CAND_0000624,0.386,0.0,1.0,0.2678,0.358
CAND_0000809,0.2933,0.0,1.0,0.4536,0.358
CAND_0000646,0.3457,0.0,0.8,0.498,0.3579
CAND_0000869,0.3508,0.0,0.8,0.4872,0.3577
CAND_0000507,0.3492,0.0,0.5,0.7148,0.3576
CAND_0000598,0.3142,0.0,0.5,0.7846,0.3576
CAND_0000300,0.356,0.0,1.0,0.3254,0.3575
CAND_0000122,0.3373,0.0,0.8,0.5128,0.3575
CAND_0000751,0.3612,0.0,1.0,0.3142,0.3573
CAND_0000595,0.3453,0.0,0.5,0.7204,0.3572
CAND_0000216,0.3066,0.0,1.0,0.422,0.357
CAND_0000860,0.3618,0.0,1.0,0.3116,0.357
CAND_0000413,0.3973,0.0,0.5,0.615,0.3569
CAND_0000636,0.4352,0.0,0.5,0.5392,0.3569
CAND_0000954,0.3629,0.0,0.8,0.458,0.3568
CAND_0000196,0.359,0.0,0.8,0.466,0.3568
CAND_0000916,0.3549,0.0,0.8,0.4738,0.3567
CAND_0000166,0.3587,0.0,0.8,0.4652,0.3565
CAND_0000769,0.3806,0.0,0.5,0.646,0.3565
CAND_0000554,0.2762,0.0,0.8,0.6292,0.3563
CAND_0000572,0.3537,0.0,1.0,0.3242,0.3563
CAND_0000533,0.4495,0.0,0.5,0.5076,0.3563
CAND_0000464,0.3346,0.0,0.8,0.5088,0.3556
CAND_0000157,0.3836,0.0,0.8,0.411,0.3556
CAND_0000744,0.3531,0.0,0.8,0.4686,0.355
CAND_0000150,0.3387,0.0,1.0,0.3474,0.355
CAND_0000452,0.3809,0.0,0.5,0.6368,0.3547
CAND_0000407,0.4135,0.0,0.5,0.5714,0.3547
CAND_0000727,0.3409,0.0,1.0,0.3408,0.3545
CAND_0000437,0.3334,0.0,0.8,0.5056,0.3545
CAND_0000953,0.4006,0.0,0.5,0.596,0.3544
CAND_0000198,0.2849,0.0,1.0,0.4522,0.3544
CAND_0000522,0.3731,0.0,0.8,0.426,0.3544
CAND_0000106,0.3402,0.0,1.0,0.3412,0.3543
CAND_0000403,0.3192,0.0,1.0,0.3826,0.3542
CAND_0000728,0.4307,0.0,0.5,0.5324,0.3537
CAND_0000172,0.3099,0.0,0.8,0.5484,0.3536
CAND_0000086,0.3646,0.0,0.8,0.439,0.3536
CAND_0000442,0.3296,0.0,0.8,0.5082,0.3535
CAND_0000755,0.3325,0.0,1.0,0.3522,0.3534
CAND_0000794,0.3394,0.0,0.5,0.7122,0.3532
CAND_0000372,0.3237,0.0,0.5,0.7438,0.3532
CAND_0000649,0.3103,0.0,0.8,0.5454,0.3532
CAND_0000317,0.3195,0.0,0.8,0.5252,0.3528
CAND_0000350,0.3867,0.0,0.8,0.3882,0.3523
CAND_0000270,0.3607,0.0,0.5,0.664,0.3521
CAND_0000092,0.3864,0.0,0.8,0.3866,0.3519
CAND_0000868,0.4665,0.0,0.5,0.45,0.3516
CAND_0000115,0.3061,0.0,1.0,0.3946,0.3513
CAND_0000048,0.3691,0.0,0.8,0.4184,0.3513
CAND_0000590,0.3539,0.125,0.5,0.5174,0.3513
CAND_0000091,0.32,0.0,0.8,0.5162,0.3512
CAND_0000019,0.4095,0.0,1.0,0.1872,0.3512
CAND_0000592,0.3091,0.0,0.8,0.5374,0.3511
CAND_0000639,0.3026,0.0,0.8,0.5502,0.3511
CAND_0000293,0.3712,0.0,0.8,0.4126,0.351
CAND_0000524,0.4025,0.0,0.8,0.3492,0.3508
CAND_0000900,0.33,0.125,0.5,0.5626,0.3508
CAND_0000401,0.322,0.0,1.0,0.3588,0.3505
CAND_0000708,0.3316,0.0,0.8,0.4892,0.3505
CAND_0000523,0.3677,0.0,0.5,0.6416,0.3504
CAND_0000314,0.3604,0.0,0.8,0.4304,0.3502
CAND_0000912,0.3305,0.0,1.0,0.3398,0.3502
CAND_0000766,0.2974,0.0,0.5,0.7786,0.3497
CAND_0000827,0.3544,0.0,0.5,0.6638,0.3495
CAND_0000391,0.3796,0.0,0.8,0.3876,0.3494
CAND_0000429,0.3309,0.125,0.5,0.554,0.3494
CAND_0000538,0.3455,0.0,1.0,0.3058,0.3494
CAND_0000888,0.3299,0.0,0.8,0.4866,0.3493
CAND_0000931,0.3524,0.0,0.8,0.441,0.3492
CAND_0000271,0.317,0.0,1.0,0.3618,0.3492
CAND_0000277,0.3629,0.0,0.5,0.6448,0.3491
CAND_0000362,0.3595,0.0,1.0,0.2748,0.3488
CAND_0000378,0.3464,0.0,0.8,0.4508,0.3487
CAND_0000819,0.3884,0.0,0.8,0.3656,0.3485
CAND_0000825,0.4127,0.0,0.8,0.3172,0.3485
CAND_0000030,0.2622,0.0,0.8,0.6174,0.3484
CAND_0000976,0.3231,0.0,1.0,0.3456,0.3483
CAND_0000497,0.4438,0.0,0.5,0.4784,0.3482
CAND_0000570,0.3138,0.0,0.8,0.5136,0.3482
CAND_0000368,0.3125,0.0,1.0,0.3656,0.3481
CAND_0000383,0.3157,0.0,0.8,0.5076,0.3478
CAND_0000011,0.3213,0.0,0.5,0.7204,0.3476
CAND_0000205,0.3999,0.0,0.8,0.338,0.3476
CAND_0000089,0.4468,0.0,0.5,0.4678,0.3473
CAND_0000094,0.3406,0.0,0.5,0.679,0.347
CAND_0000812,0.362,0.0,0.8,0.4108,0.347
CAND_0000603,0.2425,0.0,0.8,0.6492,0.3468
CAND_0000899,0.3184,0.0,0.8,0.496,0.3466
CAND_0000098,0.3992,0.0,0.5,0.5562,0.3459
CAND_0000316,0.3899,0.0,0.5,0.5736,0.3457
CAND_0000943,0.3559,0.0,1.0,0.2648,0.3453
CAND_0000831,0.3299,0.0,1.0,0.3162,0.3452
CAND_0000796,0.289,0.0,1.0,0.398,0.3452
CAND_0000427,0.348,0.0,0.5,0.6552,0.3452
CAND_0000918,0.3602,0.0,1.0,0.255,0.3451
CAND_0000248,0.3115,0.0,0.8,0.501,0.3448
CAND_0000764,0.3429,0.0,0.8,0.4374,0.3446
CAND_0000152,0.3425,0.0,0.8,0.437,0.3444
CAND_0000516,0.3232,0.0,1.0,0.3252,0.3443
CAND_0000661,0.2995,0.0,1.0,0.3724,0.3443
CAND_0000688,0.3698,0.0,0.5,0.6064,0.3442
CAND_0000434,0.3479,0.0,0.8,0.423,0.3437
CAND_0000470,0.3753,0.0,0.5,0.5926,0.3436
CAND_0000148,0.3808,0.0,0.5,0.58,0.3433
CAND_0000756,0.3085,0.0,0.8,0.499,0.3432
CAND_0000609,0.3612,0.0,1.0,0.243,0.3431
CAND_0000009,0.4102,0.0,0.8,0.2932,0.3427
CAND_0000782,0.3209,0.0,0.8,0.4706,0.3425
CAND_0000036,0.3661,0.0,0.8,0.3796,0.3424
CAND_0000940,0.3475,0.0,0.5,0.642,0.3424
CAND_0000729,0.3274,0.0,1.0,0.3074,0.3424
CAND_0000601,0.3109,0.0,0.8,0.4892,0.3422
CAND_0000936,0.3063,0.0,0.8,0.4982,0.3422
CAND_0000386,0.3472,0.0,0.8,0.4164,0.3422
CAND_0000162,0.4196,0.0,0.5,0.4966,0.3421
CAND_0000229,0.3783,0.0,0.5,0.5792,0.3421
CAND_0000004,0.3956,0.0,0.8,0.319,0.342
CAND_0000138,0.2796,0.0,1.0,0.4008,0.342
CAND_0000659,0.3592,0.0,0.5,0.6166,0.342
CAND_0000787,0.3472,0.0,0.5,0.6398,0.3419
CAND_0000417,0.2693,0.0,1.0,0.4196,0.3416
CAND_0000496,0.3445,0.0,0.8,0.4188,0.3416
CAND_0000346,0.3883,0.0,0.8,0.3308,0.3415
CAND_0000889,0.4249,0.0,0.5,0.4826,0.3415
CAND_0000977,0.4126,0.0,0.5,0.5044,0.3409
CAND_0000002,0.4052,0.0,0.5,0.5194,0.3409
CAND_0000966,0.358,0.0,0.5,0.6122,0.3406
CAND_0000955,0.3025,0.0,0.5,0.7198,0.34
CAND_0000208,0.3844,0.0,0.8,0.3306,0.3399
CAND_0000490,0.3704,0.0,0.5,0.5834,0.3398
CAND_0000315,0.3131,0.0,0.8,0.4722,0.3397
CAND_0000648,0.3474,0.0,0.8,0.4032,0.3396
CAND_0000887,0.3842,0.0,0.5,0.5546,0.3396
CAND_0000085,0.3787,0.0,0.5,0.5656,0.3396
CAND_0000885,0.3626,0.0,0.5,0.5976,0.3395
CAND_0000456,0.3169,0.0,0.8,0.4628,0.3393
CAND_0000484,0.2939,0.0,0.8,0.5086,0.3393
CAND_0000922,0.3253,0.0,1.0,0.2956,0.3392
CAND_0000432,0.3848,0.0,0.8,0.3258,0.3391
CAND_0000960,0.4661,0.0,0.5,0.3852,0.3385
CAND_0000268,0.3167,0.0,0.8,0.459,0.3385
CAND_0000269,0.372,0.0,0.5,0.5724,0.3383
CAND_0000144,0.4153,0.0,0.5,0.4848,0.3381
CAND_0000655,0.3196,0.0,0.8,0.4498,0.3378
CAND_0000355,0.3437,0.0,0.8,0.4008,0.3377
CAND_0000495,0.3908,0.0,0.5,0.5318,0.3377
CAND_0000467,0.4071,0.0,0.5,0.4972,0.3373
CAND_0000039,0.3389,0.0,0.8,0.4086,0.3373
CAND_0000717,0.4493,0.0,0.5,0.4118,0.3371
CAND_0000720,0.4204,0.0,0.5,0.469,0.3369
CAND_0000081,0.3686,0.0,0.8,0.3468,0.3368
CAND_0000356,0.4138,0.0,0.5,0.4814,0.3368
CAND_0000886,0.3417,0.0,0.8,0.3994,0.3366
CAND_0000583,0.3794,0.0,0.5,0.5484,0.3364
CAND_0000662,0.3738,0.0,0.5,0.5582,0.3361
CAND_0000527,0.3539,0.0,0.8,0.3724,0.336
CAND_0000608,0.325,0.0,0.8,0.4294,0.3359
CAND_0000195,0.3101,0.0,1.0,0.3094,0.3359
CAND_0000286,0.3342,0.0,1.0,0.26,0.3357
CAND_0000068,0.2963,0.0,0.5,0.7108,0.3357
CAND_0000792,0.3504,0.0,0.8,0.3768,0.3355
CAND_0000678,0.3976,0.0,0.8,0.2796,0.335
CAND_0000411,0.3287,0.0,0.5,0.6426,0.335
CAND_0000562,0.3402,0.0,0.8,0.3936,0.3348
CAND_0000374,0.3679,0.0,0.8,0.3372,0.3346
CAND_0000387,0.307,0.0,0.8,0.4576,0.3343
CAND_0000747,0.3739,0.0,0.8,0.3226,0.3341
CAND_0000289,0.4167,0.0,0.5,0.4602,0.3337
CAND_0000067,0.3126,0.0,0.8,0.4422,0.3335
CAND_0000532,0.2897,0.0,0.5,0.7124,0.3334
CAND_0000290,0.4811,0.0,0.5,0.3292,0.3333
CAND_0000891,0.3389,0.0,0.8,0.3882,0.3332
CAND_0000008,0.3635,0.0,0.8,0.338,0.333
CAND_0000898,0.308,0.0,0.5,0.6736,0.3329
CAND_0000323,0.3988,0.0,0.5,0.4916,0.3328
CAND_0000076,0.2778,0.0,0.8,0.5086,0.3328
CAND_0000230,0.4039,0.0,0.5,0.4812,0.3328
CAND_0000668,0.3264,0.0,0.8,0.4088,0.3323
CAND_0000153,0.2924,0.0,0.8,0.476,0.3321
CAND_0000179,0.3098,0.0,0.8,0.4408,0.3321
CAND_0000575,0.326,0.0,0.8,0.4078,0.332
CAND_0000303,0.4725,0.0,0.5,0.3394,0.3319
CAND_0000223,0.264,0.0,1.0,0.3796,0.3315
CAND_0000168,0.3303,0.0,0.8,0.3964,0.3314
CAND_0000309,0.3736,0.0,0.8,0.3098,0.3314
CAND_0000199,0.3572,0.0,0.8,0.3422,0.3313
CAND_0000183,0.3564,0.0,0.8,0.3428,0.3311
CAND_0000950,0.3559,0.0,0.5,0.5686,0.3311
CAND_0000453,0.3262,0.0,0.5,0.6282,0.3311
CAND_0000186,0.3305,0.0,0.5,0.6178,0.3308
CAND_0000224,0.366,0.0,0.8,0.3218,0.3307
CAND_0000052,0.4263,0.0,0.5,0.4252,0.3306
CAND_0000806,0.4101,0.0,0.5,0.4572,0.3305
CAND_0000022,0.4637,0.0,0.5,0.3502,0.3305
CAND_0000431,0.3549,0.0,0.8,0.342,0.3303
CAND_0000685,0.3546,0.0,0.8,0.3422,0.3303
CAND_0000956,0.4224,0.0,0.5,0.4304,0.3301
CAND_0000945,0.3012,0.0,0.8,0.4472,0.3299
CAND_0000250,0.3496,0.0,0.8,0.3498,0.3298
CAND_0000449,0.3336,0.0,0.8,0.382,0.3298
CAND_0000373,0.3057,0.0,0.8,0.4374,0.3297
CAND_0000835,0.3359,0.0,1.0,0.2252,0.3294
CAND_0000867,0.4258,0.0,0.5,0.4182,0.329
CAND_0000850,0.2997,0.0,0.8,0.445,0.3289
CAND_0000832,0.3522,0.0,0.8,0.3388,0.3286
CAND_0000073,0.3729,0.0,0.5,0.5216,0.3285
CAND_0000687,0.3563,0.0,0.8,0.3288,0.3283
CAND_0000733,0.2591,0.0,0.8,0.5226,0.3282
CAND_0000301,0.4338,0.0,0.5,0.3964,0.3278
CAND_0000657,0.392,0.0,0.5,0.4802,0.3278
CAND_0000625,0.4401,0.0,0.5,0.3832,0.3277
CAND_0000723,0.3121,0.0,0.5,0.6374,0.3273
CAND_0000651,0.4423,0.0,0.5,0.3762,0.3272
CAND_0000102,0.3295,0.0,0.8,0.3756,0.3269
CAND_0000610,0.302,0.0,0.8,0.4302,0.3268
CAND_0000145,0.4094,0.0,0.8,0.2134,0.3264
CAND_0000923,0.3996,0.0,0.5,0.4566,0.3262
CAND_0000823,0.2831,0.0,0.5,0.6898,0.3262
CAND_0000913,0.3037,0.0,0.8,0.4234,0.3262
CAND_0000768,0.2849,0.0,0.8,0.4602,0.326
CAND_0000873,0.3581,0.0,0.5,0.5386,0.326
CAND_0000700,0.3464,0.0,0.8,0.337,0.326
CAND_0000337,0.3447,0.0,0.8,0.3404,0.3259
CAND_0000908,0.4152,0.0,0.5,0.422,0.3255
CAND_0000861,0.3485,0.0,0.5,0.5554,0.3255
CAND_0000793,0.3033,0.0,1.0,0.2704,0.3254
CAND_0000990,0.2904,0.0,0.8,0.4462,0.3254
CAND_0000065,0.399,0.0,0.8,0.2256,0.3247
CAND_0000318,0.4011,0.0,0.5,0.445,0.3244
CAND_0000066,0.4455,0.0,0.5,0.3552,0.3242
CAND_0000234,0.3732,0.0,0.5,0.4992,0.3241
CAND_0000324,0.3562,0.0,0.5,0.5328,0.324
CAND_0000141,0.3759,0.0,0.5,0.4916,0.3237
CAND_0000670,0.3313,0.0,0.8,0.3548,0.3235
CAND_0000829,0.3771,0.0,0.5,0.4866,0.3232
CAND_0000005,0.3121,0.0,0.8,0.3912,0.3231
CAND_0000105,0.3803,0.0,0.8,0.254,0.3229
CAND_0000682,0.3741,0.0,0.5,0.4906,0.3228
CAND_0000221,0.3414,0.0,0.5,0.5558,0.3227
CAND_0000749,0.4503,0.0,0.5,0.3374,0.3226
CAND_0000555,0.3663,0.0,0.8,0.2788,0.3223
CAND_0000478,0.4203,0.0,0.5,0.394,0.3219
CAND_0000163,0.3275,0.0,0.5,0.5792,0.3218
CAND_0000992,0.3807,0.0,0.5,0.4728,0.3218
CAND_0000988,0.2797,0.0,0.8,0.4482,0.3215
CAND_0000536,0.3678,0.0,0.5,0.497,0.3215
CAND_0000563,0.3619,0.0,0.5,0.5066,0.3211
CAND_0000924,0.3591,0.0,0.8,0.2874,0.3211
CAND_0000462,0.4119,0.0,0.5,0.4064,0.321
CAND_0000788,0.3467,0.0,0.5,0.5354,0.3207
CAND_0000849,0.3533,0.0,0.5,0.5218,0.3207
CAND_0000804,0.3542,0.0,0.8,0.2948,0.3206
CAND_0000783,0.3918,0.0,0.5,0.4438,0.3205
CAND_0000003,0.4193,0.0,0.5,0.3878,0.3203
CAND_0000964,0.2927,0.0,1.0,0.2636,0.3198
CAND_0000084,0.3564,0.0,0.8,0.2842,0.3194
CAND_0000366,0.3717,0.0,0.5,0.4778,0.3192
CAND_0000078,0.3043,0.0,0.8,0.3868,0.3191
CAND_0000071,0.2904,0.125,0.5,0.4836,0.3191
CAND_0000776,0.4042,0.0,0.5,0.4122,0.3191
CAND_0000840,0.3995,0.0,0.5,0.4208,0.319
CAND_0000321,0.3727,0.0,0.5,0.473,0.3187
CAND_0000444,0.4356,0.0,0.5,0.3464,0.3185
CAND_0000558,0.3496,0.0,0.5,0.5186,0.3185
CAND_0000469,0.3836,0.0,0.5,0.4488,0.3182
CAND_0000202,0.3731,0.0,0.5,0.4698,0.3182
CAND_0000261,0.3801,0.0,0.5,0.4522,0.3175
CAND_0000846,0.4143,0.0,0.5,0.3838,0.3175
CAND_0000406,0.334,0.125,0.5,0.3884,0.3175
CAND_0000512,0.3824,0.0,0.8,0.2224,0.3175
CAND_0000721,0.3902,0.0,0.5,0.4314,0.3174
CAND_0000798,0.4008,0.0,0.5,0.41,0.3173
CAND_0000397,0.2947,0.0,0.8,0.3966,0.3172
CAND_0000171,0.4541,0.0,0.5,0.3028,0.3172
CAND_0000113,0.3613,0.0,0.5,0.487,0.3169
CAND_0000544,0.2988,0.0,0.8,0.3864,0.3168
CAND_0000615,0.3506,0.0,0.8,0.2828,0.3168
CAND_0000983,0.3789,0.0,0.5,0.4506,0.3167
CAND_0000904,0.3509,0.0,0.5,0.5064,0.3166
CAND_0000472,0.3284,0.0,0.5,0.5508,0.3165
CAND_0000327,0.337,0.0,0.8,0.3084,0.3165
CAND_0000405,0.3779,0.0,0.5,0.4508,0.3163
CAND_0000306,0.3128,0.0,0.5,0.5804,0.3162
CAND_0000519,0.3775,0.0,0.5,0.451,0.3162
CAND_0000045,0.4317,0.0,0.5,0.3408,0.3158
CAND_0000412,0.3981,0.0,0.5,0.4062,0.3155
CAND_0000070,0.3429,0.0,0.8,0.2912,0.3154
CAND_0000385,0.2968,0.0,0.8,0.382,0.3151
CAND_0000398,0.3626,0.0,0.8,0.2498,0.315
CAND_0000567,0.3264,0.0,0.8,0.322,0.315
CAND_0000667,0.3211,0.0,1.0,0.1818,0.3148
CAND_0000638,0.2995,0.0,1.0,0.2248,0.3148
CAND_0000245,0.4484,0.0,0.5,0.3006,0.3145
CAND_0000689,0.2546,0.0,0.8,0.4624,0.3143
CAND_0000114,0.3902,0.0,0.5,0.4144,0.314
CAND_0000510,0.2879,0.0,0.8,0.3936,0.3139
CAND_0000763,0.3072,0.0,0.5,0.5788,0.3137
CAND_0000660,0.3586,0.0,0.5,0.4714,0.3127
CAND_0000123,0.2757,0.0,0.8,0.4114,0.3126
CAND_0000272,0.367,0.0,0.5,0.4534,0.3125
CAND_0000901,0.3433,0.0,0.5,0.5006,0.3124
CAND_0000730,0.3206,0.0,0.8,0.3194,0.3121
CAND_0000672,0.4104,0.0,0.5,0.363,0.3118
CAND_0000880,0.36,0.0,0.5,0.4632,0.3117
CAND_0000824,0.3261,0.0,0.5,0.5312,0.3117
CAND_0000028,0.4102,0.0,0.5,0.3624,0.3116
CAND_0000748,0.3707,0.0,0.5,0.4408,0.3115
CAND_0000890,0.3837,0.0,0.5,0.4152,0.3115
CAND_0000619,0.3197,0.0,0.8,0.3164,0.3112
CAND_0000069,0.398,0.0,0.5,0.382,0.3106
CAND_0000393,0.3309,0.0,0.8,0.2898,0.3103
CAND_0000750,0.3734,0.0,0.5,0.423,0.309
CAND_0000278,0.3424,0.0,0.5,0.485,0.309
CAND_0000696,0.3126,0.0,0.5,0.5446,0.309
CAND_0000056,0.293,0.125,0.5,0.4274,0.3089
CAND_0000518,0.4034,0.0,0.5,0.362,0.3087
CAND_0000439,0.3494,0.0,0.5,0.4654,0.3078
CAND_0000537,0.3805,0.0,0.5,0.4024,0.3077
CAND_0000577,0.3212,0.0,0.5,0.5206,0.3076
CAND_0000214,0.3109,0.0,0.8,0.3154,0.3074
CAND_0000858,0.3142,0.0,0.5,0.5316,0.307
CAND_0000174,0.354,0.0,0.5,0.4518,0.307
CAND_0000492,0.3641,0.0,0.5,0.431,0.3068
CAND_0000058,0.2933,0.0,0.8,0.3464,0.3066
CAND_0000617,0.3814,0.0,0.5,0.3942,0.3064
CAND_0000658,0.308,0.0,0.5,0.5374,0.3057
CAND_0000808,0.3761,0.0,0.5,0.4012,0.3057
CAND_0000573,0.2882,0.0,0.5,0.5764,0.3055
CAND_0000741,0.2744,0.0,0.8,0.3788,0.3055
CAND_0000282,0.402,0.0,0.5,0.3468,0.3052
CAND_0000175,0.3403,0.0,0.8,0.2442,0.305
CAND_0000176,0.2944,0.0,0.8,0.3362,0.305
CAND_0000838,0.3747,0.0,0.5,0.3994,0.3047
CAND_0000416,0.346,0.0,0.5,0.4548,0.3044
CAND_0000369,0.3548,0.0,0.5,0.4364,0.3042
CAND_0000380,0.3719,0.0,0.5,0.4004,0.3038
CAND_0000435,0.3666,0.0,0.5,0.4106,0.3037
CAND_0000515,0.2904,0.0,0.5,0.56,0.3032
CAND_0000948,0.3061,0.0,0.5,0.5286,0.3032
CAND_0000863,0.3709,0.0,0.5,0.398,0.303
CAND_0000834,0.3363,0.0,0.5,0.4674,0.303
CAND_0000177,0.2819,0.0,0.5,0.574,0.3026
CAND_0000237,0.4521,0.0,0.5,0.2298,0.3018
CAND_0000643,0.3152,0.0,0.8,0.2776,0.3016
CAND_0000902,0.2527,0.0,0.5,0.6264,0.3014
CAND_0000188,0.3604,0.0,0.5,0.411,0.3014
CAND_0000424,0.3709,0.0,0.5,0.3898,0.3013
CAND_0000090,0.3484,0.0,0.5,0.4314,0.3007
CAND_0000546,0.4279,0.0,0.5,0.2724,0.3006
CAND_0000460,0.3391,0.0,0.5,0.45,0.3006
CAND_0000109,0.3837,0.0,0.5,0.36,0.3005
CAND_0000457,0.2984,0.0,0.5,0.5306,0.3005
CAND_0000736,0.2147,0.0,0.8,0.473,0.3005
CAND_0000181,0.2608,0.0,0.8,0.3788,0.3001
CAND_0000219,0.3624,0.0,0.5,0.4002,0.3
CAND_0000864,0.3682,0.0,0.5,0.3854,0.2994
CAND_0000035,0.3083,0.0,0.8,0.2804,0.2994
CAND_0000041,0.3426,0.0,0.5,0.4358,0.2992
CAND_0000409,0.3982,0.0,0.5,0.324,0.2991
CAND_0000264,0.3433,0.0,0.5,0.4336,0.299
CAND_0000816,0.3538,0.0,0.5,0.4114,0.2988
CAND_0000299,0.2708,0.0,0.8,0.3514,0.2986
CAND_0000050,0.2959,0.0,0.5,0.525,0.2984
CAND_0000574,0.2939,0.0,0.8,0.3034,0.2982
CAND_0000206,0.3068,0.0,0.8,0.2774,0.2982
CAND_0000692,0.3267,0.0,0.5,0.4616,0.298
CAND_0000986,0.3586,0.0,0.5,0.3964,0.2977
CAND_0000752,0.3625,0.0,0.5,0.3886,0.2977
CAND_0000714,0.2938,0.0,0.5,0.5232,0.2972
CAND_0000822,0.3333,0.0,0.5,0.4414,0.2966
CAND_0000288,0.2835,0.0,0.5,0.5396,0.2963
CAND_0000059,0.3607,0.0,0.5,0.3826,0.2958
CAND_0000758,0.3852,0.0,0.5,0.3334,0.2958
CAND_0000551,0.3889,0.0,0.5,0.3256,0.2957
CAND_0000037,0.3661,0.0,0.5,0.3712,0.2957
CAND_0000731,0.3671,0.0,0.5,0.3682,0.2955
CAND_0000100,0.3827,0.0,0.5,0.3366,0.2954
CAND_0000125,0.2494,0.0,1.0,0.2278,0.2953
CAND_0000326,0.291,0.0,0.5,0.5196,0.2953
CAND_0000958,0.3036,0.0,0.8,0.269,0.2952
CAND_0000279,0.3663,0.0,0.5,0.368,0.2951
CAND_0000446,0.2299,0.0,0.8,0.415,0.295
CAND_0000491,0.3405,0.0,0.5,0.414,0.294
CAND_0000896,0.3162,0.0,0.5,0.4596,0.2934
CAND_0000569,0.3344,0.0,0.8,0.1976,0.2933
CAND_0000463,0.3613,0.0,0.5,0.3682,0.2932
CAND_0000402,0.3821,0.0,0.5,0.3222,0.2923
CAND_0000420,0.3287,0.0,0.5,0.4252,0.2915
CAND_0000811,0.2985,0.0,0.5,0.485,0.2914
CAND_0000999,0.3707,0.0,0.5,0.3404,0.2914
CAND_0000650,0.3032,0.0,0.5,0.4752,0.2913
CAND_0000710,0.2956,0.0,0.8,0.2588,0.29
CAND_0000099,0.328,0.0,0.5,0.4186,0.2899
CAND_0000213,0.2654,0.0,0.8,0.3178,0.2897
CAND_0000914,0.3167,0.0,0.8,0.2132,0.2893
CAND_0000448,0.2954,0.0,0.5,0.4786,0.2889
CAND_0000754,0.3429,0.0,0.5,0.3792,0.288
CAND_0000972,0.373,0.0,0.5,0.3166,0.2875
CAND_0000379,0.3693,0.0,0.5,0.324,0.2875
CAND_0000149,0.3921,0.0,0.5,0.2762,0.2871
CAND_0000513,0.354,0.0,0.5,0.3508,0.2868
CAND_0000428,0.3437,0.0,0.5,0.3712,0.2867
CAND_0000941,0.4313,0.0,0.5,0.1916,0.2858
CAND_0000479,0.3991,0.0,0.5,0.2558,0.2858
CAND_0000628,0.3184,0.0,0.5,0.4166,0.2857
CAND_0000047,0.3238,0.0,0.5,0.4054,0.2856
CAND_0000169,0.3842,0.0,0.5,0.2844,0.2855
CAND_0000556,0.3371,0.0,0.5,0.3786,0.2855
CAND_0000276,0.385,0.0,0.5,0.2748,0.284
CAND_0000040,0.3569,0.0,0.5,0.331,0.284
CAND_0000256,0.3823,0.0,0.5,0.2798,0.2839
CAND_0000017,0.4138,0.0,0.5,0.2154,0.2836
CAND_0000995,0.3948,0.0,0.5,0.252,0.2833
CAND_0000487,0.3158,0.0,0.5,0.4094,0.2832
CAND_0000566,0.3248,0.0,0.5,0.386,0.2821
CAND_0000034,0.4099,0.0,0.5,0.2144,0.2819
CAND_0000329,0.3538,0.0,0.5,0.3224,0.281
CAND_0000471,0.3772,0.0,0.5,0.2664,0.2792
CAND_0000291,0.3267,0.0,0.5,0.3674,0.2792
CAND_0000371,0.3237,0.0,0.5,0.3726,0.279
CAND_0000240,0.3622,0.0,0.5,0.2932,0.2785
CAND_0000946,0.3203,0.0,0.5,0.3744,0.278
CAND_0000698,0.3651,0.0,0.5,0.283,0.2776
CAND_0000542,0.2675,0.0,0.5,0.4774,0.2775
CAND_0000483,0.282,0.0,0.8,0.2218,0.2772
CAND_0000161,0.2462,0.0,0.5,0.5136,0.2762
CAND_0000233,0.3254,0.0,0.5,0.3546,0.2761
CAND_0000392,0.3131,0.0,0.5,0.3794,0.2761
CAND_0000376,0.2934,0.0,0.5,0.4164,0.2756
CAND_0000925,0.3067,0.0,0.5,0.3836,0.2744
CAND_0000375,0.2848,0.0,0.5,0.4252,0.274
CAND_0000257,0.3214,0.0,0.5,0.344,0.2724
CAND_0000170,0.2184,0.0,0.8,0.3186,0.2711
CAND_0000773,0.3262,0.0,0.5,0.3224,0.27
CAND_0000363,0.3843,0.0,0.5,0.1986,0.2685
CAND_0000629,0.2641,0.0,0.5,0.438,0.2683
CAND_0000843,0.3245,0.0,0.5,0.316,0.268
CAND_0000266,0.3524,0.0,0.5,0.2578,0.2675
CAND_0000400,0.2861,0.0,0.5,0.3774,0.2649
CAND_0000653,0.2754,0.0,0.5,0.3972,0.2646
CAND_0000111,0.2902,0.0,0.5,0.3676,0.2646
CAND_0000342,0.2749,0.0,0.5,0.3878,0.2625
CAND_0000713,0.3475,0.0,0.5,0.2416,0.2623
CAND_0000504,0.2835,0.0,0.5,0.369,0.2622
CAND_0000012,0.3302,0.0,0.5,0.2628,0.2596
CAND_0000712,0.2767,0.0,0.5,0.365,0.2587
CAND_0000597,0.2681,0.0,0.5,0.3744,0.2571
CAND_0000079,0.2953,0.0,0.5,0.3014,0.2534
CAND_0000677,0.3134,0.0,0.5,0.256,0.2515
CAND_0000591,0.3034,0.0,0.5,0.2678,0.2499
CAND_0000194,0.2513,0.0,0.5,0.3692,0.2494
CAND_0000800,0.3002,0.0,0.5,0.2638,0.2478
CAND_0000669,0.3039,0.0,0.5,0.2544,0.2474
CAND_0000514,0.3253,0.0,0.5,0.2104,0.2472
CAND_0000686,0.3008,0.0,0.5,0.2572,0.2468
CAND_0000817,0.241,0.0,0.5,0.3378,0.2389
CAND_0000641,0.2253,0.0,0.5,0.2504,0.2152
CAND_0000882,0.2248,0.0,0.5,0.2306,0.211
